,link,name,price,sales,stars,rec_proc,review_num,OS,RAM,ROM,diag,bat,cam
0,https://www.joom.ru/ru/products/63dd574ea5e8de010840476f,Смартфон Apple iPhone 13 mini,72 939 ₽,11 покупок,5,Бесплатная доставка 2-9 мая,7,iOS 16,4 ГБ,128 ГБ,"5,4""",2 438 мА·ч,12 мегапикселей
1,https://www.joom.ru/ru/products/6363ea17336db5011d03f2e3,Смартфон Samsung Galaxy S21 5G,71 912 ₽,Бесплатная доставка 2-9 мая,,,,Android 12,,,"6,2""",4 000 мА·ч,
2,https://www.joom.ru/ru/products/65fbed2bc1423f01190e7436,"Xiaomi 14 Смартфон Leica Optics 6,36 дюйма, 1,5K, 120 Гц, AMOLED, Snap… Ещё",70 699 ₽,Доставка в пункт выдачи 6 мая - 5 июня,,,,Android 14,12 ГБ,256 ГБ / 512 ГБ,"6,36""",4 610 мА·ч,
3,https://www.joom.ru/ru/products/650adc735791b801b19348a2,Apple iPhone 15,69 676 ₽,96% рекомендуют,"4,9",642 покупки,91,iOS 17,6 ГБ,128 ГБ / 256 ГБ / 512 ГБ,"6,1""",3 349 мА·ч,48 мегапикселей
4,https://www.joom.ru/ru/products/636b6ae413c02d019d2f3340,"Смартфон Google Pixel 7 Pro, 12/128 ГБ",65 748 ₽,Бесплатная доставка 2-9 мая,5,,2,Android 13,12 ГБ,128 ГБ,"6,71""",5 000 мА·ч,
5,https://www.joom.ru/ru/products/6538f268f052f5016682749a,Смартфон Google Pixel 8 Hazel,64 720 ₽,Бесплатная доставка 2-9 мая,,,,,,,,,
6,https://www.joom.ru/ru/products/63dbbc98bd6b0401dcff1013,Смартфон Apple iPhone 13,63 698 ₽,Бесплатная доставка 2-9 мая,5,,1,iOS,4 ГБ,,,3 240 мА·ч,12 мегапикселей
7,https://www.joom.ru/ru/products/644012e2115f3b01eef553bd,Глобальное ПЗУ Motorola MOTO X40 5G Мобильный телефон… Ещё,57 566 ₽,Доставка в пункт выдачи 12-28 мая,,,,Android 13,12 ГБ,256 ГБ,"6,7""",4 600 мА·ч,50 мегапикселей
8,https://www.joom.ru/ru/products/6538f250a8e21e011cffd23b,Смартфон Google Pixel 8 Розовый,60 611 ₽,Бесплатная доставка 2-9 мая,,,,,,,,,
9,https://www.joom.ru/ru/products/6538eb3f5f3cb30137a9bce2,Смартфон Гугл Пиксель 8,60 611 ₽,Бесплатная доставка 2-9 мая,,,,,,,,,
10,https://www.joom.ru/ru/products/63e1078c9f432a01a6ec7df4,Смартфон Samsung Galaxy S22,60 611 ₽,Бесплатная доставка 2-9 мая,5,,2,Android 13,8 ГБ,,,3 700 мА·ч,
11,https://www.joom.ru/ru/products/63982cd5c7d205012574864e,Глобальное ПЗУ Motorola Moto X30 Pro Motoroala Edge 30 Ultra 5G 12 Г… Ещё,52 066 ₽,Доставка в пункт выдачи 12-28 мая,5,,1,Android 12,12 ГБ,256 ГБ,"6,7""",4 610 мА·ч,200 мегапикселей
12,https://www.joom.ru/ru/products/631dd6cf3dd2930180fd2448,Смартфон Apple iPhone 12 mini,55 475 ₽,100% рекомендуют,5,33 покупки,15,iOS,,,,2 227 мА·ч,12 мегапикселей
13,https://www.joom.ru/ru/products/65eecb4b6f475c01cc8b7432,Защищенный смартфон 8849 Tank 3,54 531 ₽,Доставка в пункт выдачи 6 мая - 5 июня,,,1,Android 13,16 ГБ,512 ГБ,"6,79""",23 800 мА·ч,
14,https://www.joom.ru/ru/products/63760294360a70010bc4588f,Китайское ПЗУ Motorola moto X30 Pro 5G MOTO Edge 30 Ultra Тройна… Ещё,52 068 ₽,Доставка в пункт выдачи 12-28 мая,5,,1,Android 12,12 ГБ,256 ГБ,"6,7""",4 610 мА·ч,200 мегапикселей
15,https://www.joom.ru/ru/products/6290c637f9a6d301e1679eb7,Смартфон Apple iPhone 12,51 366 ₽,96% рекомендуют,"4,9",103 покупки,65,iOS,,,,2 775 мА·ч,12 мегапикселей
16,https://www.joom.ru/ru/products/63e76f83eb601a01753165e4,"Смартфон Honor 70, с сервисами Google",49 311 ₽,Бесплатная доставка 2-9 мая,5,,1,,,,,,
17,https://www.joom.ru/ru/products/63df7cf4268f020179e5213d,Смартфон Apple iPhone SE 3 5G 2022 г.,49 311 ₽,Бесплатная доставка 2-9 мая,,,,iOS,4 ГБ,,,2 018 мА·ч,12 мегапикселей
18,https://www.joom.ru/ru/products/63001af0b3b52601b40659b6,Смартфон Google Pixel 6 Pro,47 256 ₽,12 покупок,5,Бесплатная доставка 2-9 мая,7,Android 12,12 ГБ,128 ГБ,,5 000 мА·ч,
19,https://www.joom.ru/ru/products/64ad28378991bd0106420ff9,"Realme Смартфоны GT3 5G 240 Вт SUPERVOOC с зарядкой, глобальна… Ещё",47 083 ₽,Доставка в пункт выдачи 6 мая - 5 июня,"4,3",,4,Android 13,16 ГБ,1 ТБ,"6,74""",4 600 мА·ч,50 мегапикселей
20,https://www.joom.ru/ru/products/634ec5f0f01abf01cc222aeb,Смартфон Google Pixel 7,44 174 ₽,99% рекомендуют,5,412 покупок,302,Android 13,8 ГБ,,"6,32""",4 355 мА·ч,50 мегапикселей
21,https://www.joom.ru/ru/products/645ddccb99496c01ae6551f2,"Смартфон Google Pixel 7A, 8/128 ГБ",42 120 ₽,Бесплатная доставка 2-9 мая,5,,1,Android 13,8 ГБ,128 ГБ,"6,1""",4 385 мА·ч,64 мегапикселя
22,https://www.joom.ru/ru/products/62960c54d972b901bec2ef97,Смартфон Apple iPhone 11,42 120 ₽,96% рекомендуют,"4,9",134 покупки,95,iOS,4 ГБ,64 ГБ / 128 ГБ,,3 110 мА·ч,12 мегапикселей
23,https://www.joom.ru/ru/products/63001ae770f4650104660ede,Смартфон Samsung S21 FE,41 093 ₽,98% рекомендуют,"4,9",69 покупок,50,Android 12,,,"6,41""",4 500 мА·ч,
24,https://www.joom.ru/ru/products/62ee420006a90a018634be20,Смартфон Google Pixel 6A,41 098 ₽,89% рекомендуют,"4,7",35 покупок,19,Android 12,6 ГБ,128 ГБ,,4 410 мА·ч,12 мегапикселей
25,https://www.joom.ru/ru/products/62b1aeff2764600164043008,Смартфон Google Pixel 6,41 093 ₽,98% рекомендуют,"4,9",92 покупки,68,Android 12,8 ГБ,128 ГБ,"6,4""",4 614 мА·ч,50 мегапикселей
26,https://www.joom.ru/ru/products/64561ba37c9d30017971520c,Oukitel WP30 Pro 12 ГБ ОЗУ 512 ГБ ПЗУ,40 120 ₽,Доставка в пункт выдачи 6 мая - 5 июня,5,,3,Android 13,12 ГБ,512 ГБ,"6,78""",11 000 мА·ч,
27,https://www.joom.ru/ru/products/6454ada66da8a9014c702f3c,Ulefone Тепловизионная камера Power Armor 19T. Прочный телефон FL… Ещё,37 287 ₽,Доставка в пункт выдачи 6 мая - 5 июня,,,,Android 12,17 ГБ,256 ГБ,"6,58""",9 600 мА·ч,108 мегапикселей
28,https://www.joom.ru/ru/products/6622337af02d5901f4a63482,Ulefone Водонепроницаемый смартфон Power Arm… Ещё,37 643 ₽,Доставка в пункт выдачи 6 мая - 5 июня,,,,Android 13,24 ГБ,512 ГБ,"6,58""",9 600 мА·ч,
29,https://www.joom.ru/ru/products/6605643c07cb73011eed1d49,Защищённый смартфон Oukitel WP30 Pro 5G,37 199 ₽,Доставка в пункт выдачи 6 мая - 5 июня,,,1,Android 13.0,24 ГБ,512 ГБ,"6,78""",11 000 мА·ч,
30,https://www.joom.ru/ru/products/634cc07815f64a011e95515d,"Китайский ПЗУ, игровой смартфон Lenovo Legion Y70, 6,67 дюйма, 144 … Ещё",31 482 ₽,Бесплатная доставка 12-28 мая,"4,7",,3,Android 12,8 ГБ,128 ГБ,"6,67""",5 100 мА·ч,50 мегапикселей
31,https://www.joom.ru/ru/products/632ad25718f88d0188cd2b9a,Blackview Прочный телефон BL8800 Pro 5G с тепловизионной кам… Ещё,36 897 ₽,Доставка в пункт выдачи 6 мая - 5 июня,2,,1,Android 11,8 ГБ,128 ГБ,"6,58""",8 380 мА·ч,
32,https://www.joom.ru/ru/products/65b0d58fb557c1018c4ef6ef,Защищённый смартфон Blackview BL9000 5G,36 113 ₽,Доставка в пункт выдачи 6 мая - 5 июня,5,,4,Android 13,12 ГБ,512 ГБ,"6,78""",8 800 мА·ч,
33,https://www.joom.ru/ru/products/63fe5192b1fac1011aba7d54,"Смартфон Honor Magic 5 Lite, 8/128 ГБ",35 956 ₽,Бесплатная доставка 2-9 мая,5,,1,Android 12,6 ГБ,128 ГБ,"6,67""",5 100 мА·ч,64 мегапикселя
34,https://www.joom.ru/ru/products/65f1c2616bb332010a4e4fca,"Xiaomi Смартфоны Redmi Note 13 Pro 5G 12+512 ГБ, глобальная версия",33 242 ₽,Доставка в пункт выдачи 6 мая - 5 июня,,,,MIUI 14,12 ГБ,512 ГБ,"6,67""",5 100 мА·ч,
35,https://www.joom.ru/ru/products/65f1c25f6bb332010a4e4f8b,"Xiaomi Смартфоны Redmi Note 13 Pro 5G 12+512 ГБ, глобальная версия",32 839 ₽,Доставка в пункт выдачи 6 мая - 5 июня,,,,MIUI 14,12 ГБ,512 ГБ,"6,67""",5 100 мА·ч,
36,https://www.joom.ru/ru/products/65b36fe9510f440138002092,Смартфон POCO X6 Pro 5G с NFC Dimensity 8300-Ultra HyperOS 120 Гц … Ещё,32 276 ₽,17 покупок,5,Доставка в пункт выдачи 6 мая - 5 июня,8,MIUI 14,12 ГБ,512 ГБ,"6,67""",5 000 мА·ч,
37,https://www.joom.ru/ru/products/65dc3aed8d20a80142404806,Xiaomi Смартфон Redmi Note 13 PRO+ 5G MediaTek Dimensity 7… Ещё,31 862 ₽,13 покупок,,Доставка в пункт выдачи 6 мая - 5 июня,,MIUI 14,8 ГБ / 12 ГБ,256 ГБ / 512 ГБ,"6,67""",5 000 мА·ч,
38,https://www.joom.ru/ru/products/646f087f7bd171015865a17a,"Смартфон POCO F5 5G Snapdragon 7+ Gen 2, восьмиядерный про… Ещё",31 798 ₽,97% рекомендуют,"4,9",142 покупки,93,Android 13,12 ГБ,256 ГБ,"6,67""",5 000 мА·ч,
39,https://www.joom.ru/ru/products/62a95431fa97e001e58c46c4,Смартфон Blackview BL8800 Pro 5G,31 128 ₽,18 покупок,"4,7",Доставка в пункт выдачи 6 мая - 5 июня,8,Android 11,8 ГБ,128 ГБ,"6,58""",8 380 мА·ч,50 мегапикселей
40,https://www.joom.ru/ru/products/65b34505510f440138fee690,"Blackview Прочный смартфон BL8000 5G, 6,78, 2,4K, FHD+, 120 … Ещё",30 058 ₽,Доставка в пункт выдачи 6 мая - 5 июня,,,,Android 13,12 ГБ,512 ГБ,"6,78""",8 800 мА·ч,
41,https://www.joom.ru/ru/products/62f4df8418d24e01b8bc8b60,Смартфон Ulefone Armor 9,28 563 ₽,Доставка в пункт выдачи 6 мая - 5 июня,,,,Android 10,8 ГБ,128 ГБ,"6,3""",6 600 мА·ч,64 мегапикселя
42,https://www.joom.ru/ru/products/5fe9578b52821701065faf2a,Смартфон Blackview BL6000 Pro 5G,28 541 ₽,87% рекомендуют,"4,5",24 покупки,32,Android 11,8 ГБ,256 ГБ,"6,37""",5 280 мА·ч,
43,https://www.joom.ru/ru/products/65f2c0d4fead18015090f269,Защищенный смартфон 8849 By Unihertz Tank,28 059 ₽,Доставка в пункт выдачи 6 мая - 5 июня,,,1,Android 12,12 ГБ,256 ГБ,"6,81""",22 000 мА·ч,
44,https://www.joom.ru/ru/products/65f1be9c0db3a30194b808a9,"Xiaomi Смартфон Redmi Note13 Pro 4G, глобальная версия",23 915 ₽,Доставка в пункт выдачи 6 мая - 5 июня,,,,MIUI 14,8 ГБ,256 ГБ,"6,67""",5 000 мА·ч,
45,https://www.joom.ru/ru/products/6391962cb8ed0601128655d5,"Ulefone Прочный мобильный телефон Armor 10 5G, Android … Ещё",27 634 ₽,Доставка в пункт выдачи 6 мая - 5 июня,,,,Android 10,8 ГБ,128 ГБ,"6,67""",5 800 мА·ч,
46,https://www.joom.ru/ru/products/65dc43388d20a80142405947,Xiaomi Смартфон Redmi Note 13 PRO 5G Snapdragon 7s Gen 2 … Ещё,27 353 ₽,10 покупок,5,Доставка в пункт выдачи 6 мая - 5 июня,1,MIUI 14,8 ГБ / 12 ГБ,256 ГБ / 512 ГБ,"6,67""",5 000 мА·ч,
47,https://www.joom.ru/ru/products/65ab5eb7599dce013fb42f11,"Ulefone Прочный телефон Armor 24, 22000 мАч, 24 ГБ + 256 ГБ, … Ещё",27 341 ₽,Доставка в пункт выдачи 6 мая - 5 июня,5,,1,Android 13,24 ГБ,256 ГБ,"6,78""",22 000 мА·ч,
48,https://www.joom.ru/ru/products/65bb0c279a62e70117d40009,"Смартфон POCO X6 5G с NFC Snapdragon 7s Gen 2 IP54 1,5K 120 Гц AMO… Ещё",25 029 ₽,25 покупок,5,Доставка в пункт выдачи 6 мая - 5 июня,9,MIUI 14,12 ГБ,256 ГБ / 512 ГБ,"6,67""",5 100 мА·ч,
49,https://www.joom.ru/ru/products/630ede5a702239019269f68b,"Смартфон Ulefone Power Armor 13, NFC, глобальная версия",25 152 ₽,Доставка в пункт выдачи 6 мая - 5 июня,"3,5",,2,Android 12,8 ГБ,256 ГБ,"6,81""",13 200 мА·ч,48 мегапикселей
50,https://www.joom.ru/ru/products/5f61de97ee79090106fa9ad8,Смартфон Blackview BV9800 Pro,26 298 ₽,Доставка в пункт выдачи 6 мая - 5 июня,5,,7,Android 9,6 ГБ,128 ГБ,"6,3""",6 580 мА·ч,
51,https://www.joom.ru/ru/products/65eae3646c63fb01c6ce2552,Защищенный смартфон Doogee S110,25 350 ₽,Бесплатная доставка 12-28 мая,,,1,Android 13.0,12 ГБ,256 ГБ,"6,58""",10 800 мА·ч,
52,https://www.joom.ru/ru/products/65eeadce6f475c01cc8a01f3,Защищенный смартфон 8849 Tank Mini,25 344 ₽,Доставка в пункт выдачи 6 мая - 5 июня,,,1,Android 13,12 ГБ,256 ГБ,"4,3""",5 800 мА·ч,
53,https://www.joom.ru/ru/products/64ad373294bb2801540f83d3,Realme 11. Восьмиядерный смартфон Pro Dimen… Ещё,25 098 ₽,15 покупок,"3,7",Доставка в пункт выдачи 6 мая - 5 июня,3,Android 13,8 ГБ,128 ГБ,"6,7""",5 000 мА·ч,100 мегапикселей
54,https://www.joom.ru/ru/products/64561ba27c9d300179715207,"Oukitel Прочный телефон WP19 Pro, 8 ГБ ОЗУ, 256 ГБ ПЗУ",24 170 ₽,13 покупок,5,Доставка в пункт выдачи 6 мая - 5 июня,5,Android 13,8 ГБ,256 ГБ,"6,8""",22 000 мА·ч,
55,https://www.joom.ru/ru/products/62330d54d3a23501430f863c,Смартфон Oukitel WP18,23 776 ₽,94% рекомендуют,"4,8",137 покупок,78,Android 13,12 ГБ,256 ГБ,"6,78""",8 500 мА·ч,
56,https://www.joom.ru/ru/products/65fd598d2d4c3901e1bd0f3b,"Xiaomi Redmi Note 13 5G Смартфон Размер 6080 140 Гц 6,67-дюймовы… Ещё",18 639 ₽,Бесплатная доставка 12-28 мая,,,,Android 13,6 ГБ / 8 ГБ / 12 ГБ,128 ГБ / 256 ГБ,"6,67""",5 000 мА·ч,
57,https://www.joom.ru/ru/products/645a29728c67640176cd4f00,"Blackview Прочный телефон BV9300 G99, 21 ГБ, 256 ГБ, 6,7 дюйма… Ещё",23 733 ₽,96% рекомендуют,"4,8",39 покупок,27,Android 12,12 ГБ,256 ГБ,"6,7""",15 080 мА·ч,50 мегапикселей
58,https://www.joom.ru/ru/products/641eb11aff2896018b087973,"Ulefone Armor 17 Pro Прочный телефон, 120 Гц, 108 МП, Android 12, н… Ещё",23 498 ₽,Доставка в пункт выдачи 6 мая - 5 июня,5,,4,Android 12,13 ГБ,256 ГБ,"6,58""",5 380 мА·ч,108 мегапикселей
59,https://www.joom.ru/ru/products/63fc5c12b8759401aa967ba4,"Blackview Защищенный смартфон BV9200, мобильный телефон,… Ещё",23 252 ₽,Доставка в пункт выдачи 6 мая - 5 июня,,,,Android 12.0,8 ГБ,256 ГБ,"6,6""",5 000 мА·ч,
60,https://www.joom.ru/ru/products/61e26d7a23ad4d011ca0f5cc,"Blackview BV8800 Прочный смартфон, дисплей 90 Гц, 8 ГБ +… Ещё",22 576 ₽,Доставка в пункт выдачи 6 мая - 5 июня,5,,1,Android 11,8 ГБ,128 ГБ,"6,58""",8 380 мА·ч,50 мегапикселей
61,https://www.joom.ru/ru/products/66023fc670c74601e7bb3e7d,Смартфон Cubot Hafury Meet,22 984 ₽,Доставка в пункт выдачи 6 мая - 5 июня,,,1,Android 13,12 ГБ,256 ГБ,"6,67""",5 100 мА·ч,16 мегапикселей
62,https://www.joom.ru/ru/products/62c95080749e31010cd1ab84,"Смартфон Oukitel WP19, NFC",22 799 ₽,91% рекомендуют,"4,7",436 покупок,309,Android 12,8 ГБ,256 ГБ,"6,78""",21 000 мА·ч,64 мегапикселя
63,https://www.joom.ru/ru/products/66014cde0ef56f01e3f0e194,"Oukitel Прочный смартфон WP27, 12 ГБ ОЗУ + 256 ГБ ПЗУ, ак… Ещё",20 925 ₽,Доставка в пункт выдачи 6 мая - 5 июня,,,,Android 13,12 ГБ,256 ГБ,"6,8""",8 500 мА·ч,
64,https://www.joom.ru/ru/products/640ad999dd924701fd92fc10,"Смартфон Global Rom Xiaomi Redmi Note 12 Pro 5G, аккумулятор 500… Ещё",21 484 ₽,Бесплатная доставка 12-28 мая,,,,Android 12,6 ГБ,128 ГБ,"6,67""",5 000 мА·ч,50 мегапикселей
65,https://www.joom.ru/ru/products/6603f90b099b4b012d483664,Защищённый смартфон Oukitel WP21,22 480 ₽,Доставка в пункт выдачи 6 мая - 5 июня,,,1,Android 12.0,12 ГБ,256 ГБ,"6,78""",9 800 мА·ч,
66,https://www.joom.ru/ru/products/65dc3f05dba0d3015a4ccf6a,Xiaomi Смартфон Redmi Note 13 PRO 4G MediaTek Helio G99-Ultra 200M… Ещё,22 479 ₽,12 покупок,5,Доставка в пункт выдачи 6 мая - 5 июня,2,MIUI 14,8 ГБ / 12 ГБ,256 ГБ / 512 ГБ,"6,67""",5 000 мА·ч,
67,https://www.joom.ru/ru/products/64a28f864aafdd0137bd035c,"Ulefone Прочный телефон Armor 21, 16 ГБ ОЗУ, 256 ГБ ПЗУ, сма… Ещё",21 943 ₽,87% рекомендуют,"4,5",28 покупок,16,Android 13,16 ГБ,256 ГБ,"6,58""",9 600 мА·ч,64 мегапикселя
68,https://www.joom.ru/ru/products/64fb0e4bd06c8b018b18a36c,"Blackview Смартфон A200 Pro, 12 ГБ ОЗУ, 256 ГБ ПЗУ, изогнутый экран AM… Ещё",21 786 ₽,95% рекомендуют,"4,9",72 покупки,48,Android 13,24 ГБ,256 ГБ,"6,67""",5 050 мА·ч,108 мегапикселей
69,https://www.joom.ru/ru/products/65f1b9c2c9bef801e84ddb6b,Xiaomi Глобальная версия Redmi Note 13 5G,21 781 ₽,Доставка в пункт выдачи 6 мая - 5 июня,,,,MIUI 14,8 ГБ,256 ГБ,"6,67""",5 000 мА·ч,
70,https://www.joom.ru/ru/products/65b211a0dabcf801bb9257c2,Blackview BV9300 Pro Helio G99 Прочный телефон Android 13 … Ещё,21 622 ₽,Доставка в пункт выдачи 6 мая - 5 июня,5,,1,Android 13,12 ГБ,256 ГБ,"6,7""",15 080 мА·ч,
71,https://www.joom.ru/ru/products/64a55f9d368a27012c56ea91,Защищенный смартфон Blackview BV8900,21 574 ₽,12 покупок,"4,3",Доставка в пункт выдачи 6 мая - 5 июня,7,Android 13,8 ГБ,256 ГБ,"6,5""",10 000 мА·ч,64 мегапикселя
72,https://www.joom.ru/ru/products/657418e524240801f6622527,Blackview Смартфон BV8900 Pro 8 ГБ+256 ГБ Android 13,21 063 ₽,Доставка в пункт выдачи 6 мая - 5 июня,,,,Android 13,8 ГБ,256 ГБ,"6,56""",10 000 мА·ч,
73,https://www.joom.ru/ru/products/6530e106552aa9012e628d8f,UMIDIGI BISON GT2 PRO 5G IP68 IP69K Android 12 Прочный смартфон Р… Ещё,20 680 ₽,Доставка в пункт выдачи 6 мая - 5 июня,"4,5",,2,Android 12,8 ГБ,128 ГБ,"6,5""",6 150 мА·ч,
74,https://www.joom.ru/ru/products/660158510ef56f01e3f10611,Защищённый смартфон Cubot KingKong AX,20 665 ₽,Доставка в пункт выдачи 6 мая - 5 июня,,,1,Android 14,12 ГБ,256 ГБ,"6,58""",5 100 мА·ч,
75,https://www.joom.ru/ru/products/65f413034a87af01b3ca82e1,Global Rom Xiaomi Redmi Note 13 Смартфон 5G 100MP Двойная каме… Ещё,18 601 ₽,Бесплатная доставка 12-28 мая,,,,Android 13,6 ГБ / 8 ГБ / 12 ГБ,128 ГБ / 256 ГБ,"6,67""",5 000 мА·ч,
76,https://www.joom.ru/ru/products/6613a6a0da8b9e0136d19d0e,"Unihertz Карманный мини-телефон Jelly 2, восьмиядерный Andr… Ещё",20 262 ₽,Доставка в пункт выдачи 6 мая - 5 июня,,,,Android 11,6 ГБ,128 ГБ,"3""",2 000 мА·ч,
77,https://www.joom.ru/ru/products/65f273befead1801508d6978,"QIN 3 ультра глобальная версия MTK G99 5,02 дюйма 8 ГБ 256 ГБ W… Ещё",19 999 ₽,Бесплатная доставка 12-28 мая,,,,Android 12,8 ГБ,256 ГБ,"5,02""",2 500 мА·ч,
78,https://www.joom.ru/ru/products/649cf9ab31a65f01d7f5a653,Глобальное ПЗУ мобильного телефона Motorola Moto G51 5G,19 832 ₽,Бесплатная доставка 12-28 мая,,,,Android 11,8 ГБ,12 ГБ,"6,8""",5 000 мА·ч,50 мегапикселей
79,https://www.joom.ru/ru/products/64156e6d1a753b017dda522f,"Oukitel Прочный смартфон WP22, 6,58 дюйма, FHD+, 10 000… Ещё",19 499 ₽,93% рекомендуют,"4,7",143 покупки,97,Android 13.0,8 ГБ,256 ГБ,"6,58""",10 000 мА·ч,
80,https://www.joom.ru/ru/products/63bd29abeec251015396ba66,"Blackview Защищенный смартфон BV9200, мобильный телефон,… Ещё",19 423 ₽,97% рекомендуют,"4,9",59 покупок,39,Android 12,8 ГБ,256 ГБ,"6,6""",5 000 мА·ч,
81,https://www.joom.ru/ru/products/61e7cd0c3f72230196fcc809,Смартфон Blackview BV8800,19 357 ₽,93% рекомендуют,"4,7",182 покупки,136,Android 11,8 ГБ,128 ГБ,"6,58""",8 380 мА·ч,
82,https://www.joom.ru/ru/products/653d23752e539901d248ec7b,"Смартфон POCO X5 с глобальной версией, 6/8 ГБ + 128/256 ГБ, вось… Ещё",19 254 ₽,Доставка в пункт выдачи 6 мая - 5 июня,3,,1,Android 12,8 ГБ,256 ГБ,"6,67""",5 000 мА·ч,
83,https://www.joom.ru/ru/products/659d07607d9b3f01e4011433,"Мини-защищенный смартфон SOYES S10 Max, 3,5-дюймовый вось… Ещё",17 218 ₽,Бесплатная доставка 12-28 мая,,,,Android 11,6 ГБ / 8 ГБ,128 ГБ / 256 ГБ,"3,5""",2 400 мА·ч,
84,https://www.joom.ru/ru/products/64fd7fdee9d99701cf1e761c,"Realme 11 Смартфон 4G 8+256 ГБ, глобальная версия",19 065 ₽,Доставка в пункт выдачи 6 мая - 5 июня,,,,Android 13,8 ГБ,256 ГБ,"6,4""",5 000 мА·ч,
85,https://www.joom.ru/ru/products/65f2bb0d2a9ad80159d9de21,"UMIDIGI Смартфон F3 PRO 5G, размер 700, Android 13, экран 6,6 … Ещё",16 819 ₽,Доставка в пункт выдачи 6 мая - 5 июня,,,,Android 13,6 ГБ / 8 ГБ,128 ГБ / 256 ГБ,"6,6""",6 150 мА·ч,
86,https://www.joom.ru/ru/products/65aa15101bc8ef01fe86db4a,"Смартфон POCO M6 Pro 4G с NFC Helio G99-Ultra, AMOLED, 120 Гц, 67 В… Ещё",18 668 ₽,20 покупок,5,Доставка в пункт выдачи 6 мая - 5 июня,7,MIUI 14,8 ГБ / 12 ГБ,256 ГБ / 512 ГБ,"6,67""",5 000 мА·ч,
87,https://www.joom.ru/ru/products/66028e226768b00100aa85ab,Защищённый смартфон Oukitel WP26,18 499 ₽,Доставка в пункт выдачи 6 мая - 5 июня,,,1,Android 13,16 ГБ,256 ГБ,"6,58""",10 000 мА·ч,
88,https://www.joom.ru/ru/products/647f167e282208011302564a,Смартфон Cubot KingKong 9,18 469 ₽,93% рекомендуют,"4,7",706 покупок,398,Android 13,24 ГБ,256 ГБ,"6,58""",10 600 мА·ч,
89,https://www.joom.ru/ru/products/62f60db3b7854b01081f97f1,"Смартфон Ulefone Power Armor 14 Pro, NFC, глобальная версия",18 451 ₽,11 покупок,5,Доставка в пункт выдачи 6 мая - 5 июня,5,Android 12,8 ГБ,128 ГБ,"6,52""",10 000 мА·ч,20 мегапикселей
90,https://www.joom.ru/ru/products/6530daebfb988f01af65ff98,"UMIDIGI Прочный смартфон BISON GT2, 8G, 128G, Android 12, IP6… Ещё",18 234 ₽,Доставка в пункт выдачи 6 мая - 5 июня,,,,Android 12,8 ГБ,128 ГБ,"6,5""",6 150 мА·ч,
91,https://www.joom.ru/ru/products/644a437a9d7ccb01d721d749,"Ulefone Прочный смартфон Armor 12S Helio G99, мобильные тел… Ещё",18 184 ₽,Доставка в пункт выдачи 6 мая - 5 июня,5,,5,Android 12,8 ГБ,128 ГБ,"6,52""",5 180 мА·ч,50 мегапикселей
92,https://www.joom.ru/ru/products/63296c3e0864ac0117ad77b9,"Blackview BV7100 Прочный телефон, 6 ГБ, 128 ГБ, 13000 мАч, 12… Ещё",18 081 ₽,Доставка в пункт выдачи 6 мая - 5 июня,5,,2,Android 12,6 ГБ,128 ГБ,"6,58""",13 000 мА·ч,
93,https://www.joom.ru/ru/products/6620fbbe714b83017c069f9f,Ulefone Прочный водонепроницаемый смартфон Power Arm… Ещё,18 044 ₽,Доставка в пункт выдачи 6 мая - 5 июня,,,,Android 13,16 ГБ,128 ГБ,"5,93""",9 600 мА·ч,
94,https://www.joom.ru/ru/products/625002ebd02d42018c1c36cf,Смартфон Xiaomi Redmi Note 11 Pro+ 5G,17 898 ₽,95% рекомендуют,"4,8",968 покупок,682,Android 11,6 ГБ,128 ГБ,"6,67""",4 500 мА·ч,108 мегапикселей
95,https://www.joom.ru/ru/products/634a5f7b2e0d5c011b10ae1a,Oukitel WP17 8 ГБ ОЗУ 128 ГБ ПЗУ,17 895 ₽,Доставка в пункт выдачи 6 мая - 5 июня,,,,Android 11,8 ГБ,128 ГБ,"6,78""",8 300 мА·ч,64 мегапикселя
96,https://www.joom.ru/ru/products/5fce1ce8eac5810107aea333,"Смартфон Blackview BV9900E, NFC",17 841 ₽,Доставка в пункт выдачи 6 мая - 5 июня,"4,5",,2,Android 10,6 ГБ,128 ГБ,"5,84""",4 380 мА·ч,48 мегапикселей
97,https://www.joom.ru/ru/products/6290b8160cb5390193fbfed2,Смартфон Xiaomi Redmi Note 11 5G,15 075 ₽,88% рекомендуют,"4,6",97 покупок,68,Android 11,4 ГБ,128 ГБ,"6,6""",5 000 мА·ч,50 мегапикселей
98,https://www.joom.ru/ru/products/6448f0a566dd4b012d35a592,Xiaomi Смартфон Redmi Note 12 5G Snapdragon 7+ Gen 2 120 Гц OLED 50… Ещё,17 714 ₽,Доставка в пункт выдачи 6 мая - 5 июня,5,,2,Android 12,8 ГБ,256 ГБ,"6,67""",5 000 мА·ч,
99,https://www.joom.ru/ru/products/6622307f3581bf012ee67707,"Смартфон Global Rom Redmi 13C 5G 6,74 ЖК-дисплей 50-мегапикс… Ещё",16 082 ₽,Бесплатная доставка 12-28 мая,,,,Android 13,4 ГБ / 6 ГБ / 8 ГБ,128 ГБ / 256 ГБ,"6,74""",5 000 мА·ч,
100,https://www.joom.ru/ru/products/653d40aac1043f012e953883,Глобальная версия Xiaomi Redmi Note 12S NFC 8+256 ГБ 4G An… Ещё,17 587 ₽,11 покупок,3,Доставка в пункт выдачи 6 мая - 5 июня,2,Android 13,8 ГБ,256 ГБ,"6,43""",5 000 мА·ч,
101,https://www.joom.ru/ru/products/65e6809484d2260158761472,"Xiaomi Смартфон Redmi Note 13 4G с NFC Snapdragon® 685, 12… Ещё",17 569 ₽,Доставка в пункт выдачи 6 мая - 5 июня,,,,MIUI 14,8 ГБ,256 ГБ,"6,67""",5 000 мА·ч,
102,https://www.joom.ru/ru/products/65f0123f58f2860128ac0c3c,Защищённый смартфон Oukitel WP22,17 561 ₽,Доставка в пункт выдачи 6 мая - 5 июня,,,1,Android 13,8 ГБ,256 ГБ,"6,58""",10 000 мА·ч,
103,https://www.joom.ru/ru/products/63c5139527b9db017ddfc6cf,"Xiaomi Смартфон Redmi Note 11, 5G, глобальный размер ПЗУ, восьмия… Ещё",15 110 ₽,Бесплатная доставка 12-28 мая,5,,1,Android 11,4 ГБ,128 ГБ,"6,6""",5 000 мА·ч,50 мегапикселей
104,https://www.joom.ru/ru/products/652a11d3d44e3501019492fd,Cмартфон Blackview A96,17 205 ₽,19 покупок,"4,8",Доставка в пункт выдачи 6 мая - 5 июня,13,Android 13,12 ГБ,256 ГБ,"6,5""",4 380 мА·ч,48 мегапикселей
105,https://www.joom.ru/ru/products/65f1b6816bb332010a4d95cf,Глобальная версия смартфона Xiaomi Redmi Note 13 4G,16 153 ₽,Доставка в пункт выдачи 6 мая - 5 июня,,,,MIUI 14,6 ГБ / 8 ГБ,128 ГБ / 256 ГБ,"6,67""",5 000 мА·ч,
106,https://www.joom.ru/ru/products/63245636e2381701348e4e72,"Ulefone Прочный телефон Armor 15, Android 12, встроенн… Ещё",17 070 ₽,Доставка в пункт выдачи 6 мая - 5 июня,"3,5",,2,Android 12,6 ГБ,128 ГБ,"5,45""",6 600 мА·ч,13 мегапикселей
107,https://www.joom.ru/ru/products/661e495cc408bf01b80e9b02,"UMIDIGI Смартфон F3 5G, Android 12, NFC, 8 ГБ + 128 ГБ, глобальная ве… Ещё",16 722 ₽,Доставка в пункт выдачи 6 мая - 5 июня,,,,Android 12,8 ГБ,128 ГБ,"6,7""",5 150 мА·ч,
108,https://www.joom.ru/ru/products/6320513166aab701eea57c9d,"Смартфон Blackview BV7100, NFC, глобальная версия",16 661 ₽,94% рекомендуют,"4,8",172 покупки,136,Android 12,6 ГБ,128 ГБ,"6,58""",13 000 мА·ч,12 мегапикселей
109,https://www.joom.ru/ru/products/65f1b67fc9bef801e84d9696,Глобальная версия смартфона Xiaomi Redmi Note 13 4G,15 669 ₽,Доставка в пункт выдачи 6 мая - 5 июня,,,,MIUI 14,6 ГБ / 8 ГБ,128 ГБ / 256 ГБ,"6,67""",5 000 мА·ч,
110,https://www.joom.ru/ru/products/65f551cd9883a8011669260c,"Смартфон Global Rom Redmi Note 12R, 50 МП, двойная камера, Qua… Ещё",14 754 ₽,Бесплатная доставка 12-28 мая,,,,Android 13,4 ГБ / 6 ГБ / 8 ГБ,128 ГБ / 256 ГБ,"6,79""",5 000 мА·ч,
111,https://www.joom.ru/ru/products/612e0cfcd8ad15019a7a5e70,Смартфон Ulefone Armor 8 Pro,16 075 ₽,93% рекомендуют,"4,7",184 покупки,259,Android 11,8 ГБ,128 ГБ,"6,1""",5 580 мА·ч,16 мегапикселей
112,https://www.joom.ru/ru/products/6602358f1edc50012c0a7692,Смартфон Cubot Hafury V1,15 797 ₽,Доставка в пункт выдачи 6 мая - 5 июня,,,1,Android 13,8 ГБ,256 ГБ,"6,58""",4 350 мА·ч,
113,https://www.joom.ru/ru/products/640ad25b13eca801f943647a,"Смартфон Global Rom Xiaomi Redmi Note 12 5G, аккумулятор 5000 м… Ещё",15 709 ₽,Бесплатная доставка 12-28 мая,,,,Android 12,6 ГБ,128 ГБ,"6,67""",5 000 мА·ч,48 мегапикселей
114,https://www.joom.ru/ru/products/647fea718126af0182ac4966,"Xiaomi Смартфон Redmi Note 12S, 90 Гц, FHD+ AMOLED DotDisplay, … Ещё",15 695 ₽,95% рекомендуют,"4,9",196 покупок,166,Android 13,8 ГБ,256 ГБ,"6,43""",5 000 мА·ч,
115,https://www.joom.ru/ru/products/65a9f2597a053a01c8709856,Xiaomi Смартфон Redmi Note 13 4G Snapdragon® 685 120 Гц AMOLED IP… Ещё,15 639 ₽,96% рекомендуют,"4,9",87 покупок,33,MIUI 14,8 ГБ,128 ГБ / 256 ГБ,"6,67""",5 000 мА·ч,
116,https://www.joom.ru/ru/products/62d120880fd39701eead5a4c,Смартфон Xiaomi Redmi Note 9 5G,14 821 ₽,97% рекомендуют,"4,8",46 покупок,34,Android 10,6 ГБ,128 ГБ,"6,53""",5 000 мА·ч,48 мегапикселей
117,https://www.joom.ru/ru/products/63648e64336db5011d08fe68,"Blackview BV7200 Прочный смартфон на базе Android 12, 6 ГБ … Ещё",15 467 ₽,14 покупок,5,Доставка в пункт выдачи 6 мая - 5 июня,7,Android 12,6 ГБ,128 ГБ,"6,1""",5 180 мА·ч,50 мегапикселей
118,https://www.joom.ru/ru/products/647f1bb6666ba701ad945eb9,Смартфон Cubot X70,15 598 ₽,91% рекомендуют,"4,6",276 покупок,148,Android 13,24 ГБ,256 ГБ,"6,58""",5 200 мА·ч,100 мегапикселей
119,https://www.joom.ru/ru/products/5f706ea0d1f3fd01060d1382,Смартфон Oukitel WP28,15 259 ₽,90% рекомендуют,"4,6",173 покупки,544,Android 13,8 ГБ,256 ГБ,"6,52""",10 600 мА·ч,
120,https://www.joom.ru/ru/products/65f2ac462a9ad80159d906cb,"UMIDIGI Смартфон A15 NFC, 8 ГБ, 256 ГБ, 64 МП, Unisoc T616, Android … Ещё",14 878 ₽,Доставка в пункт выдачи 6 мая - 5 июня,,,,Android 13,8 ГБ,256 ГБ,"6,7""",5 000 мА·ч,
121,https://www.joom.ru/ru/products/64ddcba90d10de01ae308bf5,"UMIDIGI Прочный смартфон G5 Mecha, Android 13, 6,6 дюйм… Ещё",14 601 ₽,18 покупок,"4,6",Доставка в пункт выдачи 6 мая - 5 июня,9,Android 13,8 ГБ,128 ГБ,"6,6""",6 000 мА·ч,
122,https://www.joom.ru/ru/products/645c96b7c5e79901ec39b47a,"Cubot KingKong Power, водонепроницаемый прочный смартфон, … Ещё",14 580 ₽,90% рекомендуют,"4,7",262 покупки,153,Android 13,8 ГБ,256 ГБ,"6,5""",10 600 мА·ч,48 мегапикселей
123,https://www.joom.ru/ru/products/65e5b3fd56e017017fb4de29,"UMIDIGI Прочный смартфон BISON X20 с NFC, MTK Helio P60, … Ещё",12 839 ₽,Доставка в пункт выдачи 6 мая - 5 июня,,,,Android 13,6 ГБ,128 ГБ,"6,53""",6 000 мА·ч,
124,https://www.joom.ru/ru/products/661fa0ac34d48a01e2852f49,"Blackview Защищенный смартфон N6000SE, мобильный телефон … Ещё",13 424 ₽,Доставка в пункт выдачи 6 мая - 5 июня,,,,Android 13,4 ГБ,128 ГБ,"4,3""",3 700 мА·ч,
125,https://www.joom.ru/ru/products/6448ee2666dd4b012d359b58,"Xiaomi Смартфон Redmi Note 12 Snapdragon® 685, 120 Гц, OLED, 500… Ещё",14 474 ₽,97% рекомендуют,"4,9",928 покупок,917,Android 12,8 ГБ,256 ГБ,"6,67""",5 000 мА·ч,
126,https://www.joom.ru/ru/products/6040ae2e05f540010638bd96,"Смартфон Oukitel WP12, NFC",14 361 ₽,93% рекомендуют,"4,7",30 покупок,306,Android 13,16 ГБ,128 ГБ,"6,52""",10 600 мА·ч,
127,https://www.joom.ru/ru/products/65607f8edbfb45017448d744,Смартфон Oscal TIGER 12,14 275 ₽,19 покупок,"4,7",Доставка в пункт выдачи 6 мая - 5 июня,11,Android 13,12 ГБ,256 ГБ,"6,78""",5 000 мА·ч,64 мегапикселя
128,https://www.joom.ru/ru/products/65f173c6dd4a1f018905fe66,Защищённый смартфон Oukitel WP28,14 100 ₽,Доставка в пункт выдачи 6 мая - 5 июня,,,1,Android 13,8 ГБ,256 ГБ,"6,52""",10 600 мА·ч,
129,https://www.joom.ru/ru/products/65f2b22cfead180150902e81,"UMIDIGI Смартфон A15C T606 NFC Android 13 6,7 дюйма FHD + экран … Ещё",13 909 ₽,Доставка в пункт выдачи 6 мая - 5 июня,,,,Android 13,8 ГБ,128 ГБ,"6,7""",5 000 мА·ч,
130,https://www.joom.ru/ru/products/6275ed1d428fd3016b5f369a,"Смартфон Ulefone Armor X10 Pro, NFC",13 843 ₽,34 покупки,"4,5",Доставка в пункт выдачи 6 мая - 5 июня,25,Android 11,4 ГБ,64 ГБ,"5,45""",5 180 мА·ч,
131,https://www.joom.ru/ru/products/645a0c92f510f801bc258cca,"Xiaomi Смартфон Redmi Note 12 Pro, 5G, 50 МП, 5000 мАч, 67 Вт, быст… Ещё",13 793 ₽,12 покупок,"4,4",Доставка в пункт выдачи 12-28 мая,8,Android 12,6 ГБ,128 ГБ,"6,71""",5 000 мА·ч,
132,https://www.joom.ru/ru/products/654c48afdcdc890159ef0e2f,"Xiaomi Смартфон Redmi 12 с NFC без зарядного устройства, глобальн… Ещё",13 521 ₽,96% рекомендуют,"4,8",115 покупок,78,Android 13,8 ГБ,256 ГБ,"6,79""",5 000 мА·ч,
133,https://www.joom.ru/ru/products/65eddc8076e69601d0e08ccb,Смартфон Alcatel 1B 2022 2 ГБ 32 ГБ Синий 32 ГБ 2 ГБ ОЗУ Четырехъяде… Ещё,13 297 ₽,Бесплатная доставка 8-22 мая,,,,,,,,,
134,https://www.joom.ru/ru/products/62f5cec12785d70113b8d232,"Смартфон Ulefone Armor 7E, NFC, глобальная версия",13 183 ₽,Доставка в пункт выдачи 6 мая - 5 июня,5,,1,Android 10,4 ГБ,128 ГБ,"6,3""",5 500 мА·ч,48 мегапикселей
135,https://www.joom.ru/ru/products/5fae0a8d6a61690106152a33,Смартфон Blackview BV9900E,13 156 ₽,88% рекомендуют,"4,6",25 покупок,34,Android 10,6 ГБ,128 ГБ,"5,84""",4 380 мА·ч,
136,https://www.joom.ru/ru/products/65f1670d792a1a01e75978a5,"Xiaomi Смартфон Redmi 12 8+128 ГБ, глобальная версия",13 049 ₽,Доставка в пункт выдачи 6 мая - 5 июня,,,,Android 13,8 ГБ,128 ГБ,"6,79""",5 000 мА·ч,
137,https://www.joom.ru/ru/products/661e3a77a81b0801a513bde9,"UMIDIGI Смартфон A13 Pro 5G, Android 12, NFC, 6,5 дюйма, большой … Ещё",12 939 ₽,Доставка в пункт выдачи 6 мая - 5 июня,,,,Android 12,8 ГБ,128 ГБ,"6,5""",5 150 мА·ч,
138,https://www.joom.ru/ru/products/64463a5e35d1d101576830e6,"Смартфон Xiaomi Redmi 12C Global Rom, 50-мегапиксельная AI-к… Ещё",9 886 ₽,Бесплатная доставка 12-28 мая,,,,Android 12,4 ГБ,64 ГБ,"6,71""",5 000 мА·ч,50 мегапикселей
139,https://www.joom.ru/ru/products/65d31e5471c45d01b2712fc4,"UMIDIGI Смартфон A11 Pro Max, глобальная версия, Android 11, 6,… Ещё",12 829 ₽,Доставка в пункт выдачи 6 мая - 5 июня,,,,Android 11,4 ГБ / 8 ГБ,128 ГБ,"6,8""",5 150 мА·ч,
140,https://www.joom.ru/ru/products/65b354c70dea14018f1a462c,Смартфон Oscal Modern 8,10 799 ₽,Доставка в пункт выдачи 6 мая - 5 июня,,,1,Android 13,8 ГБ,256 ГБ,"6,75""",6 000 мА·ч,
141,https://www.joom.ru/ru/products/60c9fca52b6228015a173e6d,Смартфон Blackview A100,12 724 ₽,95% рекомендуют,"4,8",13 покупок,22,Android 11,6 ГБ,128 ГБ,"6,67""",4 680 мА·ч,12 мегапикселей
142,https://www.joom.ru/ru/products/65f1aee46bb332010a4cf426,"Смартфон Xiaomi Redmi 13C, глобальная версия, 8+256 ГБ",12 541 ₽,Доставка в пункт выдачи 6 мая - 5 июня,,,,Android 13,8 ГБ,256 ГБ,"6,74""",5 000 мА·ч,
143,https://www.joom.ru/ru/products/654f2e7b85d9af01d4669421,Смартфон Blackview SHARK 8,12 511 ₽,96% рекомендуют,"4,8",51 покупка,32,Android 13,8 ГБ,128 ГБ / 256 ГБ,"6,78""",5 000 мА·ч,
144,https://www.joom.ru/ru/products/6514fac214f734019034ba04,"Blackview Смартфон BV6200 Pro, 4 ГБ, 128 ГБ, Android 13, прочный … Ещё",12 436 ₽,15 покупок,"4,5",Доставка в пункт выдачи 6 мая - 5 июня,10,Android 13,4 ГБ / 6 ГБ,128 ГБ,"6,56""",13 000 мА·ч,13 мегапикселей
145,https://www.joom.ru/ru/products/659fa971cca5e701bb86dd32,Защищённый смартфон Blackview BV5300 Plus,12 397 ₽,Доставка в пункт выдачи 6 мая - 5 июня,,,1,Android 13,8 ГБ,128 ГБ,"6,1""",6 580 мА·ч,
146,https://www.joom.ru/ru/products/65e99341b7831a0193c06e8c,Смартфон Doogee N50 Pro,12 198 ₽,Бесплатная доставка 12-28 мая,,,1,Android 13.0,8 ГБ,256 ГБ,"6,52""",4 200 мА·ч,
147,https://www.joom.ru/ru/products/6573e618fe798001252842d9,"Oscal Смартфон TIGER 12 Android13 MTK Helio G99 6,78 дюйма, 120 Гц, 2,… Ещё",12 167 ₽,Доставка в пункт выдачи 6 мая - 5 июня,5,,1,Android 13,8 ГБ,128 ГБ,"6,78""",5 000 мА·ч,
148,https://www.joom.ru/ru/products/65f1aee582ed660120dc04d9,"Смартфон Xiaomi Redmi 13C, глобальная версия, 8+256 ГБ",12 153 ₽,Доставка в пункт выдачи 6 мая - 5 июня,,,,Android 13,8 ГБ,256 ГБ,"6,74""",5 000 мА·ч,
149,https://www.joom.ru/ru/products/65ec2b5f55740d017ddf3676,Смартфон Doogee N50 разблокированный,12 079 ₽,Бесплатная доставка 12-28 мая,,,1,Android 13.0,8 ГБ,128 ГБ,"6,52""",4 200 мА·ч,
150,https://www.joom.ru/ru/products/6391a21df9b47b01b3a90d45,"Ulefone Прочный телефон Armor X10, глобальная версия, в… Ещё",11 969 ₽,Доставка в пункт выдачи 6 мая - 5 июня,,,,Android 12,4 ГБ,32 ГБ,"5,45""",5 180 мА·ч,13 мегапикселей
151,https://www.joom.ru/ru/products/655ec41076766d0124816ee9,Защищенный смартфон Cubot Kingkong 8,11 892 ₽,93% рекомендуют,"4,7",231 покупка,102,Android 13,12 ГБ,256 ГБ,"6,53""",10 600 мА·ч,
152,https://www.joom.ru/ru/products/6540ba3eab184901f32a8b80,"[Мировая премьера] HOTWAV Note 13 Pro 6,6 дюйма HD+ Android … Ещё",11 397 ₽,29 покупок,"4,3",Доставка в пункт выдачи 6 мая - 5 июня,12,Android 13,16 ГБ,256 ГБ,"6,6""",5 160 мА·ч,
153,https://www.joom.ru/ru/products/65f41e39124bf70149c98556,"UMIDIGI Смартфон G5, Android 13, Unisoc T606, восьмиъядерный пр… Ещё",11 678 ₽,Доставка в пункт выдачи 6 мая - 5 июня,,,,Android 13,8 ГБ,128 ГБ,"6,6""",5 000 мА·ч,
154,https://www.joom.ru/ru/products/6448a0b3865c130162f96c81,"Cubot P80, смартфон новой глобальной версии 2023 года, 8 Г… Ещё",11 574 ₽,90% рекомендуют,"4,6",более 1000 покупок,964,Android 13,8 ГБ,256 ГБ / 512 ГБ,"6,58""",5 200 мА·ч,48 мегапикселей
155,https://www.joom.ru/ru/products/64b0b85adafe6d01be93db6b,"Xiaomi Смартфон Redmi 12, 90 Гц, FHD+, 6,79 дюйма, стеклянная з… Ещё",11 350 ₽,97% рекомендуют,"4,9",415 покупок,350,Android 13,8 ГБ,128 ГБ,"6,79""",5 000 мА·ч,
156,https://www.joom.ru/ru/products/6486fbe441575801695a82dd,"Oscal Прочный смартфон S70 Pro, Android 12, водонепроницаемы… Ещё",11 322 ₽,Доставка в пункт выдачи 6 мая - 5 июня,5,,1,Android 12,4 ГБ,64 ГБ,"6,1""",6 580 мА·ч,13 мегапикселей
157,https://www.joom.ru/ru/products/65e1939bcbfaa501ed9ff14b,"Xiaomi Смартфон Redmi 12C Helio G85, восьмиядерный про… Ещё",9 886 ₽,Бесплатная доставка 12-28 мая,,,,Android 12,4 ГБ / 6 ГБ,64 ГБ / 128 ГБ,"6,71""",5 000 мА·ч,50 мегапикселей
158,https://www.joom.ru/ru/products/637f40a492870401aba7126f,"Blackview Смартфон A85, глобальная версия, 8 ГБ, 128 ГБ, 6,5 дюйма, ди… Ещё",11 266 ₽,94% рекомендуют,"4,8",162 покупки,134,Android 12,8 ГБ,128 ГБ,"6,5""",4 480 мА·ч,50 мегапикселей
159,https://www.joom.ru/ru/products/6557487b0f238101a88a6fc6,"Soyes Супер мини-телефон XS12, 4G LTE, 3 ГБ, 64 ГБ, Android 9,0… Ещё",10 298 ₽,Бесплатная доставка 12-28 мая,,,,Android 9.0,3 ГБ,32 ГБ,"3""",1 250 мА·ч,
160,https://www.joom.ru/ru/products/64d4c7af9acc0301ac14e9b2,"Ulefone Смартфон Note 16 Pro, 512 ГБ ПЗУ/128 ГБ ПЗУ/256 ГБ ПЗУ, Andr… Ещё",10 349 ₽,Доставка в пункт выдачи 6 мая - 5 июня,3,,2,Android 13,8 ГБ,512 ГБ,"6,52""",4 400 мА·ч,
161,https://www.joom.ru/ru/products/65e96b7c91350501a94e67c4,Смартфон Doogee N50,11 106 ₽,Бесплатная доставка 12-28 мая,,,1,Android 13,8 ГБ,128 ГБ,"6,52""",4 200 мА·ч,
162,https://www.joom.ru/ru/products/64c0f10db8c1f40159c0ee58,Xiaomi Redmi Note 10 Pro Восстановленный смартфон глобально… Ещё,11 087 ₽,87% рекомендуют,"4,6",92 покупки,56,Android 12,6 ГБ,128 ГБ,"6,67""",5 020 мА·ч,
163,https://www.joom.ru/ru/products/64fd87174ada2701fafc9431,Realme Мобильный телефон C51 4G NFC 33W Смартфон Глобальна… Ещё,10 914 ₽,Доставка в пункт выдачи 6 мая - 5 июня,,,,Android 13,4 ГБ,128 ГБ,"6,74""",5 000 мА·ч,
164,https://www.joom.ru/ru/products/65e81577cfb027014205e948,"UMIDIGI Смартфон C1 & G1 Max Unisoc T610, восьмиъядерный пр… Ещё",10 890 ₽,Доставка в пункт выдачи 6 мая - 5 июня,,,,Android 12,6 ГБ,128 ГБ,"6,52""",5 150 мА·ч,
165,https://www.joom.ru/ru/products/64f70e1041e731015cc8b711,Защищенный смартфон Blackview BV6200,10 833 ₽,21 покупка,"4,6",Доставка в пункт выдачи 6 мая - 5 июня,13,Android 13,4 ГБ,64 ГБ,"6,56""",13 000 мА·ч,13 мегапикселей
166,https://www.joom.ru/ru/products/630dd9f0b03cc1011b07bcf0,"Смартфон Ulefone Armor X6 Pro, NFC, глобальная версия",10 797 ₽,Доставка в пункт выдачи 6 мая - 5 июня,5,,3,Android 12,4 ГБ,32 ГБ,"5""",4 000 мА·ч,
167,https://www.joom.ru/ru/products/64648e08c6ffcc01e703958e,"Blackview BV5300 Pro, водонепроницаемый прочный смартфон с… Ещё",10 718 ₽,14 покупок,"4,7",Доставка в пункт выдачи 6 мая - 5 июня,6,Android 12,4 ГБ,64 ГБ,"6,1""",6 580 мА·ч,13 мегапикселей
168,https://www.joom.ru/ru/products/62c671fac0f2cf0194ea381f,"Смартфон UMIDIGI A13 Pro, NFC",9 559 ₽,12 покупок,"4,4",Доставка в пункт выдачи 6 мая - 5 июня,8,Android 11,4 ГБ / 6 ГБ,128 ГБ,"6,7""",5 150 мА·ч,
169,https://www.joom.ru/ru/products/632987bf0e315a019b3ead66,"Blackview BV5200 Прочный телефон 4G, 4 ГБ, 32 ГБ, 5180 мАч, с… Ещё",10 497 ₽,Доставка в пункт выдачи 6 мая - 5 июня,,,,Android 12,4 ГБ,32 ГБ,"6,01""",5 180 мА·ч,
170,https://www.joom.ru/ru/products/65b20716dabcf801bb922d1d,Смартфон Blackview COLOR 8,10 437 ₽,Доставка в пункт выдачи 6 мая - 5 июня,,,1,Android 13,8 ГБ,256 ГБ,"6,75""",6 000 мА·ч,
171,https://www.joom.ru/ru/products/6131d666fb5229015660a878,"Смартфон Ulefone Armor X5 Pro, NFC",10 357 ₽,100% рекомендуют,"4,8",24 покупки,22,Android 11,4 ГБ,64 ГБ,"5,5""",5 000 мА·ч,13 мегапикселей
172,https://www.joom.ru/ru/products/63526bf83699f30144de3cf2,"Cubot KingKong MINI 3, мини-смартфон 4,5 дюйма, восьмиядерн… Ещё",10 311 ₽,91% рекомендуют,"4,6",447 покупок,171,Android 12,6 ГБ,128 ГБ,"4,5""",3 000 мА·ч,20 мегапикселей
173,https://www.joom.ru/ru/products/65fbfac463b52b01ac8e749b,"Глобальная версия QIN 2 Pro, полноэкранный телефон, сеть 4G, Wi-… Ещё",10 096 ₽,Бесплатная доставка 12-28 мая,,,,Android 9,4 ГБ,64 ГБ,"5,05""",2 000 мА·ч,
174,https://www.joom.ru/ru/products/65dc4d688d20a80142409da0,"UMIDIGI Смартфон Power 5, 64 ГБ/128 ГБ, глобальная версия H… Ещё",9 009 ₽,Доставка в пункт выдачи 6 мая - 5 июня,,,,Android 11,3 ГБ / 4 ГБ,64 ГБ / 128 ГБ,"6,53""",6 150 мА·ч,
175,https://www.joom.ru/ru/products/654dd58c6d5e9901499302f0,"Xiaomi Смартфон POCO C65 с NFC MediaTek Helio G85, 6,74 дюйма, 90 … Ещё",9 781 ₽,96% рекомендуют,"4,9",456 покупок,420,MIUI 14,6 ГБ / 8 ГБ,128 ГБ / 256 ГБ,"6,74""",5 000 мА·ч,
176,https://www.joom.ru/ru/products/64b9f4ec3e396e01cf9c2845,Смартфон Cubot NOTE 50,9 750 ₽,92% рекомендуют,"4,7",430 покупок,311,Android 13,8 ГБ,256 ГБ,"6,56""",5 200 мА·ч,50 мегапикселей
177,https://www.joom.ru/ru/products/661656bc8151e801a0239094,"HOTWAV Прочный смартфон T7, 6,52-дюймовый HD+ экра… Ещё",9 687 ₽,Бесплатная доставка 12-28 мая,,,,Android 13,8 ГБ,128 ГБ,"6,52""",6 280 мА·ч,
178,https://www.joom.ru/ru/products/61b720e1fcbc1001f57c004e,Смартфон Blackview Oscal S60,9 683 ₽,10 покупок,"4,8",Доставка в пункт выдачи 6 мая - 5 июня,5,Android 11,3 ГБ,16 ГБ,"5,7""",4 980 мА·ч,8 мегапикселей
179,https://www.joom.ru/ru/products/63536cc102d559018f66c6d3,"Xiaomi Мобильный телефон Redmi 10A, большая батарея 500… Ещё",9 681 ₽,Бесплатная доставка 12-28 мая,5,,2,Android 11,4 ГБ,64 ГБ,"6,53""",5 000 мА·ч,13 мегапикселей
180,https://www.joom.ru/ru/products/625fc5e1c42eb101983776b6,Смартфон Xiaomi Redmi 10A,9 641 ₽,94% рекомендуют,"4,7",106 покупок,59,Android 11,4 ГБ,64 ГБ,"6,53""",5 000 мА·ч,13 мегапикселей
181,https://www.joom.ru/ru/products/65e199cbcbfaa501ed9ffbe2,"Xiaomi Смартфон Redmi 9A Redmi 9A 9 A MTK Helio G25, восьмияде… Ещё",9 556 ₽,Бесплатная доставка 12-28 мая,,,,Android 10,4 ГБ,64 ГБ,"6,53""",5 000 мА·ч,13 мегапикселей
182,https://www.joom.ru/ru/products/5f6b158620ce9901063c6d23,Смартфон Xiaomi Redmi 9A,9 498 ₽,93% рекомендуют,"4,6",282 покупки,351,Android 10,4 ГБ,64 ГБ,"6,53""",5 000 мА·ч,13 мегапикселей
183,https://www.joom.ru/ru/products/6564851cb0dbba01c5037531,Защищённый смартфон Blackview BV4800,9 361 ₽,Доставка в пункт выдачи 6 мая - 5 июня,"4,5",,3,Android 13,3 ГБ,64 ГБ,"6,56""",5 180 мА·ч,13 мегапикселей
184,https://www.joom.ru/ru/products/61e122c81000e701a0b9bc56,Смартфон Figi Note 1,9 308 ₽,15 покупок,"4,5",Бесплатная доставка 12-28 мая,13,Android 9,4 ГБ,64 ГБ,"6,6""",4 000 мА·ч,13 мегапикселей
185,https://www.joom.ru/ru/products/65e9734c0f52ec01dd358249,Смартфон Doogee N50S,9 290 ₽,Бесплатная доставка 12-28 мая,,,1,Android 13.0,4 ГБ,128 ГБ,"6,52""",4 200 мА·ч,
186,https://www.joom.ru/ru/products/637df5afca258e01ac425d3a,"Cubot Pocket 3 4,5-дюймовый мини-смартфон 2022 Helio … Ещё",9 141 ₽,39 покупок,"4,3",Доставка в пункт выдачи 6 мая - 5 июня,13,Android 12,4 ГБ,64 ГБ,"4,5""",3 000 мА·ч,20 мегапикселей
187,https://www.joom.ru/ru/products/655b04be66c5320126bfb45f,"Cubot Смартфон Note 40, 12 ГБ ОЗУ (6 ГБ+6 ГБ расширенный) + 256… Ещё",9 063 ₽,87% рекомендуют,"4,6",29 покупок,16,Android 13,12 ГБ,256 ГБ,"6,56""",5 200 мА·ч,50 мегапикселей
188,https://www.joom.ru/ru/products/661d0f3568bfeb018536a917,"UMIDIGI Смартфон A13 Android 11, глобальная версия, Unisoc T610, … Ещё",9 059 ₽,Доставка в пункт выдачи 6 мая - 5 июня,,,,Android 11,4 ГБ,128 ГБ,"6,7""",5 150 мА·ч,
189,https://www.joom.ru/ru/products/65f830e5331223014c030548,"UMIDIGI Смартфон G3 Android 13 Helio A22, 4 ГБ, 64 ГБ, 13 МП, камера,… Ещё",9 059 ₽,Доставка в пункт выдачи 6 мая - 5 июня,,,,Android 13,4 ГБ,64 ГБ,"6,52""",5 150 мА·ч,
190,https://www.joom.ru/ru/products/65f162ea792a1a01e7593ec0,Глобальная версия смартфона Xiaomi Redmi A3 3+64 ГБ,8 974 ₽,Доставка в пункт выдачи 6 мая - 5 июня,,,,Android 14,3 ГБ,64 ГБ,"6,71""",5 000 мА·ч,
191,https://www.joom.ru/ru/products/62a06daabf0b2e01c936160a,Смартфон Ulefone Note 10P,8 824 ₽,100% рекомендуют,5,33 покупки,21,Android 11,3 ГБ,128 ГБ,"6,52""",5 500 мА·ч,13 мегапикселей
192,https://www.joom.ru/ru/products/6548b5a216b8d60174374377,"Маленький смартфон XS16 Pro, 4,0-дюймовый восьмиъядерный пр… Ещё",8 810 ₽,16 покупок,"4,7",Бесплатная доставка 12-28 мая,3,Android 10.0,4 ГБ,128 ГБ,"4""",2 100 мА·ч,
193,https://www.joom.ru/ru/products/6304984732260801fba37ef2,Смартфон Cubot KingKong Mini 2 Pro,8 799 ₽,103 покупки,"4,4",Доставка в пункт выдачи 6 мая - 5 июня,39,Android 11.0,4 ГБ,64 ГБ,"4""",3 000 мА·ч,13 мегапикселей
194,https://www.joom.ru/ru/products/611b1275a099390176e0f007,Смартфон Umidigi A9 Pro,8 567 ₽,Доставка в пункт выдачи 6 мая - 5 июня,4,,5,Android 10,4 ГБ,64 ГБ,"6,3""",4 150 мА·ч,
195,https://www.joom.ru/ru/products/65740ebd2444b701ceb8d08d,"Blackview Новый смартфон A52 Pro, 6 ГБ, 128 ГБ, 6,5 дюйма, An… Ещё",8 316 ₽,Доставка в пункт выдачи 6 мая - 5 июня,5,,4,Doke 4.0,6 ГБ,128 ГБ,"6,5""",5 180 мА·ч,
196,https://www.joom.ru/ru/products/6555b4480dfc6201d46a98cb,"Soyes XS14 Pro 3,0-дюймовый 4G мини-смартфон Android 9,… Ещё",8 176 ₽,Бесплатная доставка 12-28 мая,5,,1,Android 9.0,2 ГБ / 3 ГБ,16 ГБ / 32 ГБ / 64 ГБ,"3""",2 600 мА·ч,
197,https://www.joom.ru/ru/products/62a1b2b93061d2019d4d6533,Смартфон Cubot Pocket,8 159 ₽,93% рекомендуют,"4,6",192 покупки,66,Android 11,4 ГБ,64 ГБ,"4""",3 000 мА·ч,16 мегапикселей
198,https://www.joom.ru/ru/products/6555aef00dfc6201d46a830e,"Soyes Смартфон XS16 Mini 4G с двумя SIM-картами, 3,0 дюйма, … Ещё",7 195 ₽,Бесплатная доставка 12-28 мая,,,,Android 10,2 ГБ,16 ГБ,"3""",2 000 мА·ч,
199,https://www.joom.ru/ru/products/64feb7fff309fd017d12ba0a,Смартфон Cubot Note 21,8 071 ₽,93% рекомендуют,"4,7",243 покупки,146,Android 13,12 ГБ,128 ГБ,"6,56""",5 200 мА·ч,50 мегапикселей
200,https://www.joom.ru/ru/products/6454b01f6da8a9014c703a0c,Смартфон Oscal C70,8 018 ₽,93% рекомендуют,"4,7",476 покупок,370,Android 12,6 ГБ,128 ГБ,"6,6""",5 180 мА·ч,50 мегапикселей
201,https://www.joom.ru/ru/products/6539e323399259015a1a2351,"Blackview Новый смартфон A52 Pro, 4 ГБ, 128 ГБ, 6,5 дюйма, An… Ещё",7 621 ₽,97% рекомендуют,"4,9",66 покупок,42,Android 13,4 ГБ,128 ГБ,"6,5""",5 180 мА·ч,13 мегапикселей
202,https://www.joom.ru/ru/products/6549f304004cef01e8e82832,"Soyes Ультратонкий мини-смартфон S10-H, 3,49 дюйма, Android … Ещё",7 104 ₽,Бесплатная доставка 12-28 мая,,,,Android 9.0,3 ГБ,64 ГБ,"3,49""",2 100 мА·ч,
203,https://www.joom.ru/ru/products/65f15c3c792a1a01e758e3f4,"Cubot A1, смартфон Android 13, 4 ГБ ОЗУ, 128 ГБ ПЗУ, восьмиядерн… Ещё",7 397 ₽,Доставка в пункт выдачи 6 мая - 5 июня,,,,Android 13,4 ГБ,128 ГБ,"6,56""",5 100 мА·ч,
204,https://www.joom.ru/ru/products/6549a1d9f7f36101e9c2be59,"Soyes Мини-смартфон XS12 Pro 4G, 3,0 дюйма, Android 10,0, Bluetoot… Ещё",5 042 ₽,19 покупок,4,Бесплатная доставка 12-28 мая,4,Android 10.0,4 ГБ,64 ГБ,"3""",2 000 мА·ч,
205,https://www.joom.ru/ru/products/65559f8cadfe6701fc2efb5a,"Soyes Мини-смартфон XS15, 3,0-дюймовый дисплей, 2 ГБ ОЗУ, 16… Ещё",6 798 ₽,Бесплатная доставка 12-28 мая,"3,7",,3,Android 8.1,2 ГБ,16 ГБ,"3""",1 000 мА·ч,
206,https://www.joom.ru/ru/products/657fffc261b65b01c72a855e,Смартфон Oscal FLAT 1C,6 429 ₽,Доставка в пункт выдачи 6 мая - 5 июня,5,,2,Android 13,2 ГБ,32 ГБ,"6,51""",4 700 мА·ч,
207,https://www.joom.ru/ru/products/657418e524240801f6622517,Blackview Смартфон WAVE 6C 2 ГБ+32 ГБ Android 13,6 426 ₽,Доставка в пункт выдачи 6 мая - 5 июня,5,,2,Android 13,2 ГБ,32 ГБ,"6,5""",5 100 мА·ч,
208,https://www.joom.ru/ru/products/64dc492aa2b33f0155317cc1,Soyes XS12 Мини-смартфон 4G Android 10 Dual Sim Octa Core 5-… Ещё,6 253 ₽,20 покупок,4,Бесплатная доставка 12-28 мая,4,Android 10,3 ГБ,64 ГБ,"3""",2 000 мА·ч,
209,https://www.joom.ru/ru/products/6549e77a22f28501ff646421,"Soyes Мини-смартфоны S23 Pro, Android 8,1, 2 ГБ + 16 ГБ, две SIM-карт… Ещё",6 198 ₽,15 покупок,"4,3",Бесплатная доставка 12-28 мая,6,Android 8.1,2 ГБ,16 ГБ,"3""",1 000 мА·ч,
210,https://www.joom.ru/ru/products/659bb35aa72fe601caa9a42b,"Маленький смартфон XS15 PRO, 3,0 дюйма, Android 9,0, четырех… Ещё",5 126 ₽,Бесплатная доставка 12-28 мая,4,,1,Android 9.0,2 ГБ / 3 ГБ,16 ГБ / 64 ГБ,"3""",2 000 мА·ч,
211,https://www.joom.ru/ru/products/65e2ca9d0fdd02013236f705,"Смартфон W88 Pro в стиле ретро, ​​4,0 дюйма, Android 12,0, четыре… Ещё",5 709 ₽,Бесплатная доставка 12-28 мая,,,,Android 12.0,2 ГБ,16 ГБ,"4""",5 500 мА·ч,
212,https://www.joom.ru/ru/products/65d861536a3967010247e124,"Маленький смартфон M80 PRO, 3,0 дюйма, Android 9,0, четырех… Ещё",5 548 ₽,Бесплатная доставка 12-28 мая,,,,Android 9.0,2 ГБ,16 ГБ,"3""",2 000 мА·ч,
213,https://www.joom.ru/ru/products/655370f833fcbb0102ae6d0c,"Настоящий супер мини-смартфон SOYES XS11, 2,5 дюйма, MT6580A, че… Ещё",5 523 ₽,Бесплатная доставка 12-28 мая,,,,Android 6.0,1 ГБ,8 ГБ,"2,5""",1 000 мА·ч,
214,https://www.joom.ru/ru/products/6549a5d9f7f36101e9c2c3cc,"Soyes Смартфон XS16 4G, 3,0-дюймовый четырехъядерный п… Ещё",4 438 ₽,58 покупок,"4,3",Бесплатная доставка 12-28 мая,10,Android 6.0,3 ГБ,64 ГБ,"3""",2 000 мА·ч,
215,https://www.joom.ru/ru/products/6620e58166871b0147b83592,"Soyes Мини-смартфон S23 Pro 4G, 3,0-дюймовый, Android … Ещё",4 173 ₽,Бесплатная доставка 12-28 мая,,,,Android 9.0,2 ГБ,16 ГБ,"3""",1 950 мА·ч,
216,https://www.joom.ru/ru/products/65b773e5626782014243c9bb,"Soyes Мини-смартфон XS20 Pro, 3,0-дюймовый дисплей, Android 8,1, … Ещё",3 768 ₽,Бесплатная доставка 12-28 мая,,,,Android 8.1,2 ГБ,16 ГБ,"3""",1 000 мА·ч,
217,https://www.joom.ru/ru/products/65e0573d58ce5401de03db58,"Soyes Смартфон S23 Pro, 3,0 дюйма, Android 8,1, две SIM-карты, двой… Ещё",3 557 ₽,18 покупок,,Бесплатная доставка 12-28 мая,,Android 8.1,2 ГБ,16 ГБ,"3""",1 580 мА·ч,
218,https://www.joom.ru/ru/products/654af6ea37028601b2dd7417,"Soyes Мини-смартфон XS15, 3,0-дюймовый дисплей, Android 8,1, … Ещё",3 458 ₽,234 покупки,"4,4",Бесплатная доставка 12-28 мая,23,Android 8.1,2 ГБ,16 ГБ,"3""",1 000 мА·ч,
219,https://www.joom.ru/ru/products/65853c17896c3801e00cf1b5,"Soyes Смартфон XS17 Pro, 3,0 дюйма, Android 9,0, две SIM-карты, 2 ГБ … Ещё",3 377 ₽,37 покупок,"4,1",Бесплатная доставка 12-28 мая,9,Android 9.0,2 ГБ,16 ГБ,"3""",1 000 мА·ч,
220,https://www.joom.ru/ru/products/64dc7d9702f65c019d459690,"Новый маленький смартфон SOYES XS13 Pro 3G, 2,5 дюйма, Andro… Ещё",3 349 ₽,18 покупок,5,Бесплатная доставка 12-28 мая,4,Android 6.0,1 ГБ,8 ГБ,"2,5""",1 580 мА·ч,
221,https://www.joom.ru/ru/products/65e057387b6fad016a1217ab,"Soyes Маленький смартфон XS11, 2,5-дюймовый четырехъ… Ещё",3 266 ₽,Бесплатная доставка 12-28 мая,,,,Android 6.0,1 ГБ,8 ГБ,"2,5""",1 000 мА·ч,
222,https://www.joom.ru/ru/products/6523b8d6dc79a90180d67a35,"Ультратонкий смартфон S26 3G, 3,0-дюймовый Android 8,1, две SIM-… Ещё",3 258 ₽,68 покупок,"4,1",Бесплатная доставка 12-28 мая,12,Android 8.1,2 ГБ,16 ГБ,"3""",1 000 мА·ч,
223,https://www.joom.ru/ru/products/65714a549199d701c8ebea87,"Soyes Смартфон P40 Mini Android, 2,5-дюймовый HD-дисплей, две SIM… Ещё",3 156 ₽,Бесплатная доставка 12-28 мая,3,,2,Android 6.0,1 ГБ,8 ГБ,"2,5""",1 580 мА·ч,
224,https://www.joom.ru/ru/products/65714a519199d701c8ebea76,"Soyes Мини-смартфон Mi12, 2,5-дюймовый HD-дисплей, две SIM-ка… Ещё",3 156 ₽,Бесплатная доставка 12-28 мая,4,,1,Android 6.0,1 ГБ,8 ГБ,"2,5""",1 580 мА·ч,
225,https://www.joom.ru/ru/products/64dc4e39a2b33f015531881b,"Soyes XS13 Mini Android-смартфон 2,5-дюймовый HD-дисплей Две SIM… Ещё",2 961 ₽,91% рекомендуют,"4,5",171 покупка,58,Android 6.0,1 ГБ,8 ГБ,"2,5""",1 580 мА·ч,
226,https://www.joom.ru/ru/products/659bb7ac7e9f8f01822f318b,"Soyes Маленький смартфон 7S, 2,5-дюймовый Android 6… Ещё",2 958 ₽,10 покупок,,Бесплатная доставка 12-28 мая,,Android 6.0,1 ГБ,8 ГБ,"2,5""",600 мА·ч,
